entry_num	encoding	num_kp_missing	num_kp_present	missing_kp_names	present_kp_names	count	details	difficulty	need all samples
47	1.111E+29	22	8	"left_eye_inner_corner_x, left_eye_inner_corner_y, left_eye_outer_corner_x, left_eye_outer_corner_y, right_eye_inner_corner_x, right_eye_inner_corner_y, right_eye_outer_corner_x, right_eye_outer_corner_y, left_eyebrow_inner_end_x, left_eyebrow_inner_end_y, left_eyebrow_outer_end_x, left_eyebrow_outer_end_y, right_eyebrow_inner_end_x, right_eyebrow_inner_end_y, right_eyebrow_outer_end_x, right_eyebrow_outer_end_y, mouth_left_corner_x, mouth_left_corner_y, mouth_right_corner_x, mouth_right_corner_y, mouth_center_top_lip_x, mouth_center_top_lip_y"	"left_eye_center_x, left_eye_center_y, right_eye_center_x, right_eye_center_y, nose_tip_x, nose_tip_y, mouth_center_bottom_lip_x, mouth_center_bottom_lip_y"	4755	missing everything except main points	hard	TRUE
1	1.11111E+29	2	28	"left_eyebrow_outer_end_x, left_eyebrow_outer_end_y"	"left_eye_center_x, left_eye_center_y, right_eye_center_x, right_eye_center_y, left_eye_inner_corner_x, left_eye_inner_corner_y, left_eye_outer_corner_x, left_eye_outer_corner_y, right_eye_inner_corner_x, right_eye_inner_corner_y, right_eye_outer_corner_x, right_eye_outer_corner_y, left_eyebrow_inner_end_x, left_eyebrow_inner_end_y, right_eyebrow_inner_end_x, right_eyebrow_inner_end_y, right_eyebrow_outer_end_x, right_eyebrow_outer_end_y, nose_tip_x, nose_tip_y, mouth_left_corner_x, mouth_left_corner_y, mouth_right_corner_x, mouth_right_corner_y, mouth_center_top_lip_x, mouth_center_top_lip_y, mouth_center_bottom_lip_x, mouth_center_bottom_lip_y"	31	missing left outer eyebrow point	easy	FALSE
2	1.11111E+29	2	28	"right_eyebrow_outer_end_x, right_eyebrow_outer_end_y"	"left_eye_center_x, left_eye_center_y, right_eye_center_x, right_eye_center_y, left_eye_inner_corner_x, left_eye_inner_corner_y, left_eye_outer_corner_x, left_eye_outer_corner_y, right_eye_inner_corner_x, right_eye_inner_corner_y, right_eye_outer_corner_x, right_eye_outer_corner_y, left_eyebrow_inner_end_x, left_eyebrow_inner_end_y, left_eyebrow_outer_end_x, left_eyebrow_outer_end_y, right_eyebrow_inner_end_x, right_eyebrow_inner_end_y, nose_tip_x, nose_tip_y, mouth_left_corner_x, mouth_left_corner_y, mouth_right_corner_x, mouth_right_corner_y, mouth_center_top_lip_x, mouth_center_top_lip_y, mouth_center_bottom_lip_x, mouth_center_bottom_lip_y"	26	missing right outer eyebrow point 	easy	FALSE
0	1.11111E+29	2	28	"mouth_center_bottom_lip_x, mouth_center_bottom_lip_y"	"left_eye_center_x, left_eye_center_y, right_eye_center_x, right_eye_center_y, left_eye_inner_corner_x, left_eye_inner_corner_y, left_eye_outer_corner_x, left_eye_outer_corner_y, right_eye_inner_corner_x, right_eye_inner_corner_y, right_eye_outer_corner_x, right_eye_outer_corner_y, left_eyebrow_inner_end_x, left_eyebrow_inner_end_y, left_eyebrow_outer_end_x, left_eyebrow_outer_end_y, right_eyebrow_inner_end_x, right_eyebrow_inner_end_y, right_eyebrow_outer_end_x, right_eyebrow_outer_end_y, nose_tip_x, nose_tip_y, mouth_left_corner_x, mouth_left_corner_y, mouth_right_corner_x, mouth_right_corner_y, mouth_center_top_lip_x, mouth_center_top_lip_y"	13	Missing lower lip 	easy	FALSE
48	1.111E+29	24	6	"left_eye_inner_corner_x, left_eye_inner_corner_y, left_eye_outer_corner_x, left_eye_outer_corner_y, right_eye_inner_corner_x, right_eye_inner_corner_y, right_eye_outer_corner_x, right_eye_outer_corner_y, left_eyebrow_inner_end_x, left_eyebrow_inner_end_y, left_eyebrow_outer_end_x, left_eyebrow_outer_end_y, right_eyebrow_inner_end_x, right_eyebrow_inner_end_y, right_eyebrow_outer_end_x, right_eyebrow_outer_end_y, mouth_left_corner_x, mouth_left_corner_y, mouth_right_corner_x, mouth_right_corner_y, mouth_center_top_lip_x, mouth_center_top_lip_y, mouth_center_bottom_lip_x, mouth_center_bottom_lip_y"	"left_eye_center_x, left_eye_center_y, right_eye_center_x, right_eye_center_y, nose_tip_x, nose_tip_y"	10	missing everything except main points	hard	TRUE
32	1.11111E+29	4	26	"left_eyebrow_outer_end_x, left_eyebrow_outer_end_y, right_eyebrow_outer_end_x, right_eyebrow_outer_end_y"	"left_eye_center_x, left_eye_center_y, right_eye_center_x, right_eye_center_y, left_eye_inner_corner_x, left_eye_inner_corner_y, left_eye_outer_corner_x, left_eye_outer_corner_y, right_eye_inner_corner_x, right_eye_inner_corner_y, right_eye_outer_corner_x, right_eye_outer_corner_y, left_eyebrow_inner_end_x, left_eyebrow_inner_end_y, right_eyebrow_inner_end_x, right_eyebrow_inner_end_y, nose_tip_x, nose_tip_y, mouth_left_corner_x, mouth_left_corner_y, mouth_right_corner_x, mouth_right_corner_y, mouth_center_top_lip_x, mouth_center_top_lip_y, mouth_center_bottom_lip_x, mouth_center_bottom_lip_y"	6	missing outer ends of eyebrows	easy	TRUE
20	1.11111E+29	2	28	"left_eye_outer_corner_x, left_eye_outer_corner_y"	"left_eye_center_x, left_eye_center_y, right_eye_center_x, right_eye_center_y, left_eye_inner_corner_x, left_eye_inner_corner_y, right_eye_inner_corner_x, right_eye_inner_corner_y, right_eye_outer_corner_x, right_eye_outer_corner_y, left_eyebrow_inner_end_x, left_eyebrow_inner_end_y, left_eyebrow_outer_end_x, left_eyebrow_outer_end_y, right_eyebrow_inner_end_x, right_eyebrow_inner_end_y, right_eyebrow_outer_end_x, right_eyebrow_outer_end_y, nose_tip_x, nose_tip_y, mouth_left_corner_x, mouth_left_corner_y, mouth_right_corner_x, mouth_right_corner_y, mouth_center_top_lip_x, mouth_center_top_lip_y, mouth_center_bottom_lip_x, mouth_center_bottom_lip_y"	4	missing left outer eye corner	easy	FALSE
22	1.11111E+29	2	28	"mouth_right_corner_x, mouth_right_corner_y"	"left_eye_center_x, left_eye_center_y, right_eye_center_x, right_eye_center_y, left_eye_inner_corner_x, left_eye_inner_corner_y, left_eye_outer_corner_x, left_eye_outer_corner_y, right_eye_inner_corner_x, right_eye_inner_corner_y, right_eye_outer_corner_x, right_eye_outer_corner_y, left_eyebrow_inner_end_x, left_eyebrow_inner_end_y, left_eyebrow_outer_end_x, left_eyebrow_outer_end_y, right_eyebrow_inner_end_x, right_eyebrow_inner_end_y, right_eyebrow_outer_end_x, right_eyebrow_outer_end_y, nose_tip_x, nose_tip_y, mouth_left_corner_x, mouth_left_corner_y, mouth_center_top_lip_x, mouth_center_top_lip_y, mouth_center_bottom_lip_x, mouth_center_bottom_lip_y"	4	missing right mouth corner	easy	FALSE
4	1.11111E+29	8	22	"left_eyebrow_inner_end_x, left_eyebrow_inner_end_y, left_eyebrow_outer_end_x, left_eyebrow_outer_end_y, right_eyebrow_inner_end_x, right_eyebrow_inner_end_y, right_eyebrow_outer_end_x, right_eyebrow_outer_end_y"	"left_eye_center_x, left_eye_center_y, right_eye_center_x, right_eye_center_y, left_eye_inner_corner_x, left_eye_inner_corner_y, left_eye_outer_corner_x, left_eye_outer_corner_y, right_eye_inner_corner_x, right_eye_inner_corner_y, right_eye_outer_corner_x, right_eye_outer_corner_y, nose_tip_x, nose_tip_y, mouth_left_corner_x, mouth_left_corner_y, mouth_right_corner_x, mouth_right_corner_y, mouth_center_top_lip_x, mouth_center_top_lip_y, mouth_center_bottom_lip_x, mouth_center_bottom_lip_y"	3	missing both eyebrows	medium	TRUE
5	1.10011E+29	6	24	"right_eye_center_x, right_eye_center_y, right_eye_inner_corner_x, right_eye_inner_corner_y, right_eye_outer_corner_x, right_eye_outer_corner_y"	"left_eye_center_x, left_eye_center_y, left_eye_inner_corner_x, left_eye_inner_corner_y, left_eye_outer_corner_x, left_eye_outer_corner_y, left_eyebrow_inner_end_x, left_eyebrow_inner_end_y, left_eyebrow_outer_end_x, left_eyebrow_outer_end_y, right_eyebrow_inner_end_x, right_eyebrow_inner_end_y, right_eyebrow_outer_end_x, right_eyebrow_outer_end_y, nose_tip_x, nose_tip_y, mouth_left_corner_x, mouth_left_corner_y, mouth_right_corner_x, mouth_right_corner_y, mouth_center_top_lip_x, mouth_center_top_lip_y, mouth_center_bottom_lip_x, mouth_center_bottom_lip_y"	3	"missing right eye, missing mouth edges"	medium	FALSE
14	1.11111E+29	4	26	"mouth_center_top_lip_x, mouth_center_top_lip_y, mouth_center_bottom_lip_x, mouth_center_bottom_lip_y"	"left_eye_center_x, left_eye_center_y, right_eye_center_x, right_eye_center_y, left_eye_inner_corner_x, left_eye_inner_corner_y, left_eye_outer_corner_x, left_eye_outer_corner_y, right_eye_inner_corner_x, right_eye_inner_corner_y, right_eye_outer_corner_x, right_eye_outer_corner_y, left_eyebrow_inner_end_x, left_eyebrow_inner_end_y, left_eyebrow_outer_end_x, left_eyebrow_outer_end_y, right_eyebrow_inner_end_x, right_eyebrow_inner_end_y, right_eyebrow_outer_end_x, right_eyebrow_outer_end_y, nose_tip_x, nose_tip_y, mouth_left_corner_x, mouth_left_corner_y, mouth_right_corner_x, mouth_right_corner_y"	3	missing center lip	medium	TRUE
15	1.11111E+29	8	22	"mouth_left_corner_x, mouth_left_corner_y, mouth_right_corner_x, mouth_right_corner_y, mouth_center_top_lip_x, mouth_center_top_lip_y, mouth_center_bottom_lip_x, mouth_center_bottom_lip_y"	"left_eye_center_x, left_eye_center_y, right_eye_center_x, right_eye_center_y, left_eye_inner_corner_x, left_eye_inner_corner_y, left_eye_outer_corner_x, left_eye_outer_corner_y, right_eye_inner_corner_x, right_eye_inner_corner_y, right_eye_outer_corner_x, right_eye_outer_corner_y, left_eyebrow_inner_end_x, left_eyebrow_inner_end_y, left_eyebrow_outer_end_x, left_eyebrow_outer_end_y, right_eyebrow_inner_end_x, right_eyebrow_inner_end_y, right_eyebrow_outer_end_x, right_eyebrow_outer_end_y, nose_tip_x, nose_tip_y"	3	missing mouth	hard	TRUE
27	1.11111E+29	2	28	"mouth_left_corner_x, mouth_left_corner_y"	"left_eye_center_x, left_eye_center_y, right_eye_center_x, right_eye_center_y, left_eye_inner_corner_x, left_eye_inner_corner_y, left_eye_outer_corner_x, left_eye_outer_corner_y, right_eye_inner_corner_x, right_eye_inner_corner_y, right_eye_outer_corner_x, right_eye_outer_corner_y, left_eyebrow_inner_end_x, left_eyebrow_inner_end_y, left_eyebrow_outer_end_x, left_eyebrow_outer_end_y, right_eyebrow_inner_end_x, right_eyebrow_inner_end_y, right_eyebrow_outer_end_x, right_eyebrow_outer_end_y, nose_tip_x, nose_tip_y, mouth_right_corner_x, mouth_right_corner_y, mouth_center_top_lip_x, mouth_center_top_lip_y, mouth_center_bottom_lip_x, mouth_center_bottom_lip_y"	3	missing left mouth corner	easy	FALSE
30	1.111E+29	12	18	"left_eye_inner_corner_x, left_eye_inner_corner_y, right_eye_inner_corner_x, right_eye_inner_corner_y, left_eyebrow_inner_end_x, left_eyebrow_inner_end_y, left_eyebrow_outer_end_x, left_eyebrow_outer_end_y, right_eyebrow_inner_end_x, right_eyebrow_inner_end_y, right_eyebrow_outer_end_x, right_eyebrow_outer_end_y"	"left_eye_center_x, left_eye_center_y, right_eye_center_x, right_eye_center_y, left_eye_outer_corner_x, left_eye_outer_corner_y, right_eye_outer_corner_x, right_eye_outer_corner_y, nose_tip_x, nose_tip_y, mouth_left_corner_x, mouth_left_corner_y, mouth_right_corner_x, mouth_right_corner_y, mouth_center_top_lip_x, mouth_center_top_lip_y, mouth_center_bottom_lip_x, mouth_center_bottom_lip_y"	3	missing eyebrows & inner eye corner	medium	TRUE
8	1.111E+29	2	28	"left_eye_inner_corner_x, left_eye_inner_corner_y"	"left_eye_center_x, left_eye_center_y, right_eye_center_x, right_eye_center_y, left_eye_outer_corner_x, left_eye_outer_corner_y, right_eye_inner_corner_x, right_eye_inner_corner_y, right_eye_outer_corner_x, right_eye_outer_corner_y, left_eyebrow_inner_end_x, left_eyebrow_inner_end_y, left_eyebrow_outer_end_x, left_eyebrow_outer_end_y, right_eyebrow_inner_end_x, right_eyebrow_inner_end_y, right_eyebrow_outer_end_x, right_eyebrow_outer_end_y, nose_tip_x, nose_tip_y, mouth_left_corner_x, mouth_left_corner_y, mouth_right_corner_x, mouth_right_corner_y, mouth_center_top_lip_x, mouth_center_top_lip_y, mouth_center_bottom_lip_x, mouth_center_bottom_lip_y"	2	missing eye corners	easy	FALSE
11	1.11111E+29	4	26	"left_eye_outer_corner_x, left_eye_outer_corner_y, left_eyebrow_outer_end_x, left_eyebrow_outer_end_y"	"left_eye_center_x, left_eye_center_y, right_eye_center_x, right_eye_center_y, left_eye_inner_corner_x, left_eye_inner_corner_y, right_eye_inner_corner_x, right_eye_inner_corner_y, right_eye_outer_corner_x, right_eye_outer_corner_y, left_eyebrow_inner_end_x, left_eyebrow_inner_end_y, right_eyebrow_inner_end_x, right_eyebrow_inner_end_y, right_eyebrow_outer_end_x, right_eyebrow_outer_end_y, nose_tip_x, nose_tip_y, mouth_left_corner_x, mouth_left_corner_y, mouth_right_corner_x, mouth_right_corner_y, mouth_center_top_lip_x, mouth_center_top_lip_y, mouth_center_bottom_lip_x, mouth_center_bottom_lip_y"	2	missing outer corner/end	easy	FALSE
13	1.11111E+29	4	26	"right_eyebrow_inner_end_x, right_eyebrow_inner_end_y, right_eyebrow_outer_end_x, right_eyebrow_outer_end_y"	"left_eye_center_x, left_eye_center_y, right_eye_center_x, right_eye_center_y, left_eye_inner_corner_x, left_eye_inner_corner_y, left_eye_outer_corner_x, left_eye_outer_corner_y, right_eye_inner_corner_x, right_eye_inner_corner_y, right_eye_outer_corner_x, right_eye_outer_corner_y, left_eyebrow_inner_end_x, left_eyebrow_inner_end_y, left_eyebrow_outer_end_x, left_eyebrow_outer_end_y, nose_tip_x, nose_tip_y, mouth_left_corner_x, mouth_left_corner_y, mouth_right_corner_x, mouth_right_corner_y, mouth_center_top_lip_x, mouth_center_top_lip_y, mouth_center_bottom_lip_x, mouth_center_bottom_lip_y"	2	missing right eyebrow	easy	FALSE
17	1.11111E+29	4	26	"left_eyebrow_inner_end_x, left_eyebrow_inner_end_y, right_eyebrow_inner_end_x, right_eyebrow_inner_end_y"	"left_eye_center_x, left_eye_center_y, right_eye_center_x, right_eye_center_y, left_eye_inner_corner_x, left_eye_inner_corner_y, left_eye_outer_corner_x, left_eye_outer_corner_y, right_eye_inner_corner_x, right_eye_inner_corner_y, right_eye_outer_corner_x, right_eye_outer_corner_y, left_eyebrow_outer_end_x, left_eyebrow_outer_end_y, right_eyebrow_outer_end_x, right_eyebrow_outer_end_y, nose_tip_x, nose_tip_y, mouth_left_corner_x, mouth_left_corner_y, mouth_right_corner_x, mouth_right_corner_y, mouth_center_top_lip_x, mouth_center_top_lip_y, mouth_center_bottom_lip_x, mouth_center_bottom_lip_y"	2	missing inner eyebrow ends	medium	TRUE
18	1.111E+29	4	26	"left_eye_inner_corner_x, left_eye_inner_corner_y, left_eye_outer_corner_x, left_eye_outer_corner_y"	"left_eye_center_x, left_eye_center_y, right_eye_center_x, right_eye_center_y, right_eye_inner_corner_x, right_eye_inner_corner_y, right_eye_outer_corner_x, right_eye_outer_corner_y, left_eyebrow_inner_end_x, left_eyebrow_inner_end_y, left_eyebrow_outer_end_x, left_eyebrow_outer_end_y, right_eyebrow_inner_end_x, right_eyebrow_inner_end_y, right_eyebrow_outer_end_x, right_eyebrow_outer_end_y, nose_tip_x, nose_tip_y, mouth_left_corner_x, mouth_left_corner_y, mouth_right_corner_x, mouth_right_corner_y, mouth_center_top_lip_x, mouth_center_top_lip_y, mouth_center_bottom_lip_x, mouth_center_bottom_lip_y"	2	missing left eye corners	medium	FALSE
21	1.11111E+29	4	26	"left_eyebrow_outer_end_x, left_eyebrow_outer_end_y, mouth_left_corner_x, mouth_left_corner_y"	"left_eye_center_x, left_eye_center_y, right_eye_center_x, right_eye_center_y, left_eye_inner_corner_x, left_eye_inner_corner_y, left_eye_outer_corner_x, left_eye_outer_corner_y, right_eye_inner_corner_x, right_eye_inner_corner_y, right_eye_outer_corner_x, right_eye_outer_corner_y, left_eyebrow_inner_end_x, left_eyebrow_inner_end_y, right_eyebrow_inner_end_x, right_eyebrow_inner_end_y, right_eyebrow_outer_end_x, right_eyebrow_outer_end_y, nose_tip_x, nose_tip_y, mouth_right_corner_x, mouth_right_corner_y, mouth_center_top_lip_x, mouth_center_top_lip_y, mouth_center_bottom_lip_x, mouth_center_bottom_lip_y"	2	missing corners/ends	easy	FALSE
25	1.11111E+29	4	26	"right_eye_outer_corner_x, right_eye_outer_corner_y, right_eyebrow_outer_end_x, right_eyebrow_outer_end_y"	"left_eye_center_x, left_eye_center_y, right_eye_center_x, right_eye_center_y, left_eye_inner_corner_x, left_eye_inner_corner_y, left_eye_outer_corner_x, left_eye_outer_corner_y, right_eye_inner_corner_x, right_eye_inner_corner_y, left_eyebrow_inner_end_x, left_eyebrow_inner_end_y, left_eyebrow_outer_end_x, left_eyebrow_outer_end_y, right_eyebrow_inner_end_x, right_eyebrow_inner_end_y, nose_tip_x, nose_tip_y, mouth_left_corner_x, mouth_left_corner_y, mouth_right_corner_x, mouth_right_corner_y, mouth_center_top_lip_x, mouth_center_top_lip_y, mouth_center_bottom_lip_x, mouth_center_bottom_lip_y"	2	missing corners/ends	easy	FALSE
3	1.10011E+29	10	20	"right_eye_center_x, right_eye_center_y, right_eye_inner_corner_x, right_eye_inner_corner_y, right_eye_outer_corner_x, right_eye_outer_corner_y, mouth_left_corner_x, mouth_left_corner_y, mouth_right_corner_x, mouth_right_corner_y"	"left_eye_center_x, left_eye_center_y, left_eye_inner_corner_x, left_eye_inner_corner_y, left_eye_outer_corner_x, left_eye_outer_corner_y, left_eyebrow_inner_end_x, left_eyebrow_inner_end_y, left_eyebrow_outer_end_x, left_eyebrow_outer_end_y, right_eyebrow_inner_end_x, right_eyebrow_inner_end_y, right_eyebrow_outer_end_x, right_eyebrow_outer_end_y, nose_tip_x, nose_tip_y, mouth_center_top_lip_x, mouth_center_top_lip_y, mouth_center_bottom_lip_x, mouth_center_bottom_lip_y"	1	"missing right eye, missing mouth edges"	medium	TRUE
6	1.11111E+29	6	24	"left_eyebrow_outer_end_x, left_eyebrow_outer_end_y, right_eyebrow_inner_end_x, right_eyebrow_inner_end_y, right_eyebrow_outer_end_x, right_eyebrow_outer_end_y"	"left_eye_center_x, left_eye_center_y, right_eye_center_x, right_eye_center_y, left_eye_inner_corner_x, left_eye_inner_corner_y, left_eye_outer_corner_x, left_eye_outer_corner_y, right_eye_inner_corner_x, right_eye_inner_corner_y, right_eye_outer_corner_x, right_eye_outer_corner_y, left_eyebrow_inner_end_x, left_eyebrow_inner_end_y, nose_tip_x, nose_tip_y, mouth_left_corner_x, mouth_left_corner_y, mouth_right_corner_x, mouth_right_corner_y, mouth_center_top_lip_x, mouth_center_top_lip_y, mouth_center_bottom_lip_x, mouth_center_bottom_lip_y"	1	missing both eyebrows	medium	TRUE
7	1.11111E+29	4	26	"right_eye_inner_corner_x, right_eye_inner_corner_y, right_eye_outer_corner_x, right_eye_outer_corner_y"	"left_eye_center_x, left_eye_center_y, right_eye_center_x, right_eye_center_y, left_eye_inner_corner_x, left_eye_inner_corner_y, left_eye_outer_corner_x, left_eye_outer_corner_y, left_eyebrow_inner_end_x, left_eyebrow_inner_end_y, left_eyebrow_outer_end_x, left_eyebrow_outer_end_y, right_eyebrow_inner_end_x, right_eyebrow_inner_end_y, right_eyebrow_outer_end_x, right_eyebrow_outer_end_y, nose_tip_x, nose_tip_y, mouth_left_corner_x, mouth_left_corner_y, mouth_right_corner_x, mouth_right_corner_y, mouth_center_top_lip_x, mouth_center_top_lip_y, mouth_center_bottom_lip_x, mouth_center_bottom_lip_y"	1	missing eye corners	easy	FALSE
9	1.111E+29	4	26	"left_eye_inner_corner_x, left_eye_inner_corner_y, right_eye_inner_corner_x, right_eye_inner_corner_y"	"left_eye_center_x, left_eye_center_y, right_eye_center_x, right_eye_center_y, left_eye_outer_corner_x, left_eye_outer_corner_y, right_eye_outer_corner_x, right_eye_outer_corner_y, left_eyebrow_inner_end_x, left_eyebrow_inner_end_y, left_eyebrow_outer_end_x, left_eyebrow_outer_end_y, right_eyebrow_inner_end_x, right_eyebrow_inner_end_y, right_eyebrow_outer_end_x, right_eyebrow_outer_end_y, nose_tip_x, nose_tip_y, mouth_left_corner_x, mouth_left_corner_y, mouth_right_corner_x, mouth_right_corner_y, mouth_center_top_lip_x, mouth_center_top_lip_y, mouth_center_bottom_lip_x, mouth_center_bottom_lip_y"	1	missing eye corners	medium	TRUE
10	1.111E+25	6	24	"left_eye_center_x, left_eye_center_y, right_eye_center_x, right_eye_center_y, right_eye_inner_corner_x, right_eye_inner_corner_y"	"left_eye_inner_corner_x, left_eye_inner_corner_y, left_eye_outer_corner_x, left_eye_outer_corner_y, right_eye_outer_corner_x, right_eye_outer_corner_y, left_eyebrow_inner_end_x, left_eyebrow_inner_end_y, left_eyebrow_outer_end_x, left_eyebrow_outer_end_y, right_eyebrow_inner_end_x, right_eyebrow_inner_end_y, right_eyebrow_outer_end_x, right_eyebrow_outer_end_y, nose_tip_x, nose_tip_y, mouth_left_corner_x, mouth_left_corner_y, mouth_right_corner_x, mouth_right_corner_y, mouth_center_top_lip_x, mouth_center_top_lip_y, mouth_center_bottom_lip_x, mouth_center_bottom_lip_y"	1	missing eye centers and corner	medium	TRUE
12	1.11111E+29	4	26	"left_eyebrow_inner_end_x, left_eyebrow_inner_end_y, left_eyebrow_outer_end_x, left_eyebrow_outer_end_y"	"left_eye_center_x, left_eye_center_y, right_eye_center_x, right_eye_center_y, left_eye_inner_corner_x, left_eye_inner_corner_y, left_eye_outer_corner_x, left_eye_outer_corner_y, right_eye_inner_corner_x, right_eye_inner_corner_y, right_eye_outer_corner_x, right_eye_outer_corner_y, right_eyebrow_inner_end_x, right_eyebrow_inner_end_y, right_eyebrow_outer_end_x, right_eyebrow_outer_end_y, nose_tip_x, nose_tip_y, mouth_left_corner_x, mouth_left_corner_y, mouth_right_corner_x, mouth_right_corner_y, mouth_center_top_lip_x, mouth_center_top_lip_y, mouth_center_bottom_lip_x, mouth_center_bottom_lip_y"	1	missing left eyebrow	easy	FALSE
16	1.11111E+29	4	26	"mouth_left_corner_x, mouth_left_corner_y, mouth_right_corner_x, mouth_right_corner_y"	"left_eye_center_x, left_eye_center_y, right_eye_center_x, right_eye_center_y, left_eye_inner_corner_x, left_eye_inner_corner_y, left_eye_outer_corner_x, left_eye_outer_corner_y, right_eye_inner_corner_x, right_eye_inner_corner_y, right_eye_outer_corner_x, right_eye_outer_corner_y, left_eyebrow_inner_end_x, left_eyebrow_inner_end_y, left_eyebrow_outer_end_x, left_eyebrow_outer_end_y, right_eyebrow_inner_end_x, right_eyebrow_inner_end_y, right_eyebrow_outer_end_x, right_eyebrow_outer_end_y, nose_tip_x, nose_tip_y, mouth_center_top_lip_x, mouth_center_top_lip_y, mouth_center_bottom_lip_x, mouth_center_bottom_lip_y"	1	missing mouth corners	medium	TRUE
19	1.11111E+29	14	16	"right_eye_outer_corner_x, right_eye_outer_corner_y, left_eyebrow_outer_end_x, left_eyebrow_outer_end_y, right_eyebrow_outer_end_x, right_eyebrow_outer_end_y, mouth_left_corner_x, mouth_left_corner_y, mouth_right_corner_x, mouth_right_corner_y, mouth_center_top_lip_x, mouth_center_top_lip_y, mouth_center_bottom_lip_x, mouth_center_bottom_lip_y"	"left_eye_center_x, left_eye_center_y, right_eye_center_x, right_eye_center_y, left_eye_inner_corner_x, left_eye_inner_corner_y, left_eye_outer_corner_x, left_eye_outer_corner_y, right_eye_inner_corner_x, right_eye_inner_corner_y, left_eyebrow_inner_end_x, left_eyebrow_inner_end_y, right_eyebrow_inner_end_x, right_eyebrow_inner_end_y, nose_tip_x, nose_tip_y"	1	"missing corners, missing mouth"	hard	TRUE
23	1.11111E+25	6	24	"left_eye_center_x, left_eye_center_y, right_eye_center_x, right_eye_center_y, right_eye_outer_corner_x, right_eye_outer_corner_y"	"left_eye_inner_corner_x, left_eye_inner_corner_y, left_eye_outer_corner_x, left_eye_outer_corner_y, right_eye_inner_corner_x, right_eye_inner_corner_y, left_eyebrow_inner_end_x, left_eyebrow_inner_end_y, left_eyebrow_outer_end_x, left_eyebrow_outer_end_y, right_eyebrow_inner_end_x, right_eyebrow_inner_end_y, right_eyebrow_outer_end_x, right_eyebrow_outer_end_y, nose_tip_x, nose_tip_y, mouth_left_corner_x, mouth_left_corner_y, mouth_right_corner_x, mouth_right_corner_y, mouth_center_top_lip_x, mouth_center_top_lip_y, mouth_center_bottom_lip_x, mouth_center_bottom_lip_y"	1			
24	1.11111E+17	12	18	"left_eye_center_x, left_eye_center_y, right_eye_center_x, right_eye_center_y, left_eye_inner_corner_x, left_eye_inner_corner_y, left_eye_outer_corner_x, left_eye_outer_corner_y, right_eye_inner_corner_x, right_eye_inner_corner_y, right_eye_outer_corner_x, right_eye_outer_corner_y"	"left_eyebrow_inner_end_x, left_eyebrow_inner_end_y, left_eyebrow_outer_end_x, left_eyebrow_outer_end_y, right_eyebrow_inner_end_x, right_eyebrow_inner_end_y, right_eyebrow_outer_end_x, right_eyebrow_outer_end_y, nose_tip_x, nose_tip_y, mouth_left_corner_x, mouth_left_corner_y, mouth_right_corner_x, mouth_right_corner_y, mouth_center_top_lip_x, mouth_center_top_lip_y, mouth_center_bottom_lip_x, mouth_center_bottom_lip_y"	1			
26	1.11111E+29	12	18	"left_eye_outer_corner_x, left_eye_outer_corner_y, left_eyebrow_outer_end_x, left_eyebrow_outer_end_y, mouth_left_corner_x, mouth_left_corner_y, mouth_right_corner_x, mouth_right_corner_y, mouth_center_top_lip_x, mouth_center_top_lip_y, mouth_center_bottom_lip_x, mouth_center_bottom_lip_y"	"left_eye_center_x, left_eye_center_y, right_eye_center_x, right_eye_center_y, left_eye_inner_corner_x, left_eye_inner_corner_y, right_eye_inner_corner_x, right_eye_inner_corner_y, right_eye_outer_corner_x, right_eye_outer_corner_y, left_eyebrow_inner_end_x, left_eyebrow_inner_end_y, right_eyebrow_inner_end_x, right_eyebrow_inner_end_y, right_eyebrow_outer_end_x, right_eyebrow_outer_end_y, nose_tip_x, nose_tip_y"	1			
28	1.11111E+25	4	26	"left_eye_center_x, left_eye_center_y, right_eye_center_x, right_eye_center_y"	"left_eye_inner_corner_x, left_eye_inner_corner_y, left_eye_outer_corner_x, left_eye_outer_corner_y, right_eye_inner_corner_x, right_eye_inner_corner_y, right_eye_outer_corner_x, right_eye_outer_corner_y, left_eyebrow_inner_end_x, left_eyebrow_inner_end_y, left_eyebrow_outer_end_x, left_eyebrow_outer_end_y, right_eyebrow_inner_end_x, right_eyebrow_inner_end_y, right_eyebrow_outer_end_x, right_eyebrow_outer_end_y, nose_tip_x, nose_tip_y, mouth_left_corner_x, mouth_left_corner_y, mouth_right_corner_x, mouth_right_corner_y, mouth_center_top_lip_x, mouth_center_top_lip_y, mouth_center_bottom_lip_x, mouth_center_bottom_lip_y"	1			
29	1.11111E+29	4	26	"right_eye_outer_corner_x, right_eye_outer_corner_y, mouth_right_corner_x, mouth_right_corner_y"	"left_eye_center_x, left_eye_center_y, right_eye_center_x, right_eye_center_y, left_eye_inner_corner_x, left_eye_inner_corner_y, left_eye_outer_corner_x, left_eye_outer_corner_y, right_eye_inner_corner_x, right_eye_inner_corner_y, left_eyebrow_inner_end_x, left_eyebrow_inner_end_y, left_eyebrow_outer_end_x, left_eyebrow_outer_end_y, right_eyebrow_inner_end_x, right_eyebrow_inner_end_y, right_eyebrow_outer_end_x, right_eyebrow_outer_end_y, nose_tip_x, nose_tip_y, mouth_left_corner_x, mouth_left_corner_y, mouth_center_top_lip_x, mouth_center_top_lip_y, mouth_center_bottom_lip_x, mouth_center_bottom_lip_y"	1			
31	1.11111E+29	10	20	"right_eyebrow_outer_end_x, right_eyebrow_outer_end_y, mouth_left_corner_x, mouth_left_corner_y, mouth_right_corner_x, mouth_right_corner_y, mouth_center_top_lip_x, mouth_center_top_lip_y, mouth_center_bottom_lip_x, mouth_center_bottom_lip_y"	"left_eye_center_x, left_eye_center_y, right_eye_center_x, right_eye_center_y, left_eye_inner_corner_x, left_eye_inner_corner_y, left_eye_outer_corner_x, left_eye_outer_corner_y, right_eye_inner_corner_x, right_eye_inner_corner_y, right_eye_outer_corner_x, right_eye_outer_corner_y, left_eyebrow_inner_end_x, left_eyebrow_inner_end_y, left_eyebrow_outer_end_x, left_eyebrow_outer_end_y, right_eyebrow_inner_end_x, right_eyebrow_inner_end_y, nose_tip_x, nose_tip_y"	1			
33	1.11111E+29	2	28	"right_eyebrow_inner_end_x, right_eyebrow_inner_end_y"	"left_eye_center_x, left_eye_center_y, right_eye_center_x, right_eye_center_y, left_eye_inner_corner_x, left_eye_inner_corner_y, left_eye_outer_corner_x, left_eye_outer_corner_y, right_eye_inner_corner_x, right_eye_inner_corner_y, right_eye_outer_corner_x, right_eye_outer_corner_y, left_eyebrow_inner_end_x, left_eyebrow_inner_end_y, left_eyebrow_outer_end_x, left_eyebrow_outer_end_y, right_eyebrow_outer_end_x, right_eyebrow_outer_end_y, nose_tip_x, nose_tip_y, mouth_left_corner_x, mouth_left_corner_y, mouth_right_corner_x, mouth_right_corner_y, mouth_center_top_lip_x, mouth_center_top_lip_y, mouth_center_bottom_lip_x, mouth_center_bottom_lip_y"	1			
34	1.10011E+29	10	20	"right_eye_center_x, right_eye_center_y, right_eye_inner_corner_x, right_eye_inner_corner_y, right_eye_outer_corner_x, right_eye_outer_corner_y, left_eyebrow_outer_end_x, left_eyebrow_outer_end_y, right_eyebrow_inner_end_x, right_eyebrow_inner_end_y"	"left_eye_center_x, left_eye_center_y, left_eye_inner_corner_x, left_eye_inner_corner_y, left_eye_outer_corner_x, left_eye_outer_corner_y, left_eyebrow_inner_end_x, left_eyebrow_inner_end_y, right_eyebrow_outer_end_x, right_eyebrow_outer_end_y, nose_tip_x, nose_tip_y, mouth_left_corner_x, mouth_left_corner_y, mouth_right_corner_x, mouth_right_corner_y, mouth_center_top_lip_x, mouth_center_top_lip_y, mouth_center_bottom_lip_x, mouth_center_bottom_lip_y"	1			
35	1.10011E+29	2	28	"right_eye_center_x, right_eye_center_y"	"left_eye_center_x, left_eye_center_y, left_eye_inner_corner_x, left_eye_inner_corner_y, left_eye_outer_corner_x, left_eye_outer_corner_y, right_eye_inner_corner_x, right_eye_inner_corner_y, right_eye_outer_corner_x, right_eye_outer_corner_y, left_eyebrow_inner_end_x, left_eyebrow_inner_end_y, left_eyebrow_outer_end_x, left_eyebrow_outer_end_y, right_eyebrow_inner_end_x, right_eyebrow_inner_end_y, right_eyebrow_outer_end_x, right_eyebrow_outer_end_y, nose_tip_x, nose_tip_y, mouth_left_corner_x, mouth_left_corner_y, mouth_right_corner_x, mouth_right_corner_y, mouth_center_top_lip_x, mouth_center_top_lip_y, mouth_center_bottom_lip_x, mouth_center_bottom_lip_y"	1			
36	1.11111E+27	6	24	"left_eye_center_x, left_eye_center_y, left_eyebrow_inner_end_x, left_eyebrow_inner_end_y, left_eyebrow_outer_end_x, left_eyebrow_outer_end_y"	"right_eye_center_x, right_eye_center_y, left_eye_inner_corner_x, left_eye_inner_corner_y, left_eye_outer_corner_x, left_eye_outer_corner_y, right_eye_inner_corner_x, right_eye_inner_corner_y, right_eye_outer_corner_x, right_eye_outer_corner_y, right_eyebrow_inner_end_x, right_eyebrow_inner_end_y, right_eyebrow_outer_end_x, right_eyebrow_outer_end_y, nose_tip_x, nose_tip_y, mouth_left_corner_x, mouth_left_corner_y, mouth_right_corner_x, mouth_right_corner_y, mouth_center_top_lip_x, mouth_center_top_lip_y, mouth_center_bottom_lip_x, mouth_center_bottom_lip_y"	1			
37	1.11111E+15	14	16	"left_eye_center_x, left_eye_center_y, right_eye_center_x, right_eye_center_y, left_eye_inner_corner_x, left_eye_inner_corner_y, left_eye_outer_corner_x, left_eye_outer_corner_y, right_eye_inner_corner_x, right_eye_inner_corner_y, right_eye_outer_corner_x, right_eye_outer_corner_y, left_eyebrow_inner_end_x, left_eyebrow_inner_end_y"	"left_eyebrow_outer_end_x, left_eyebrow_outer_end_y, right_eyebrow_inner_end_x, right_eyebrow_inner_end_y, right_eyebrow_outer_end_x, right_eyebrow_outer_end_y, nose_tip_x, nose_tip_y, mouth_left_corner_x, mouth_left_corner_y, mouth_right_corner_x, mouth_right_corner_y, mouth_center_top_lip_x, mouth_center_top_lip_y, mouth_center_bottom_lip_x, mouth_center_bottom_lip_y"	1			
38	1.11111E+29	6	24	"left_eye_outer_corner_x, left_eye_outer_corner_y, left_eyebrow_outer_end_x, left_eyebrow_outer_end_y, mouth_left_corner_x, mouth_left_corner_y"	"left_eye_center_x, left_eye_center_y, right_eye_center_x, right_eye_center_y, left_eye_inner_corner_x, left_eye_inner_corner_y, right_eye_inner_corner_x, right_eye_inner_corner_y, right_eye_outer_corner_x, right_eye_outer_corner_y, left_eyebrow_inner_end_x, left_eyebrow_inner_end_y, right_eyebrow_inner_end_x, right_eyebrow_inner_end_y, right_eyebrow_outer_end_x, right_eyebrow_outer_end_y, nose_tip_x, nose_tip_y, mouth_right_corner_x, mouth_right_corner_y, mouth_center_top_lip_x, mouth_center_top_lip_y, mouth_center_bottom_lip_x, mouth_center_bottom_lip_y"	1			
39	1111111111	20	10	"left_eye_center_x, left_eye_center_y, right_eye_center_x, right_eye_center_y, left_eye_inner_corner_x, left_eye_inner_corner_y, left_eye_outer_corner_x, left_eye_outer_corner_y, right_eye_inner_corner_x, right_eye_inner_corner_y, right_eye_outer_corner_x, right_eye_outer_corner_y, left_eyebrow_inner_end_x, left_eyebrow_inner_end_y, left_eyebrow_outer_end_x, left_eyebrow_outer_end_y, right_eyebrow_inner_end_x, right_eyebrow_inner_end_y, right_eyebrow_outer_end_x, right_eyebrow_outer_end_y"	"nose_tip_x, nose_tip_y, mouth_left_corner_x, mouth_left_corner_y, mouth_right_corner_x, mouth_right_corner_y, mouth_center_top_lip_x, mouth_center_top_lip_y, mouth_center_bottom_lip_x, mouth_center_bottom_lip_y"	1			
40	1.11111E+29	2	28	"right_eye_outer_corner_x, right_eye_outer_corner_y"	"left_eye_center_x, left_eye_center_y, right_eye_center_x, right_eye_center_y, left_eye_inner_corner_x, left_eye_inner_corner_y, left_eye_outer_corner_x, left_eye_outer_corner_y, right_eye_inner_corner_x, right_eye_inner_corner_y, left_eyebrow_inner_end_x, left_eyebrow_inner_end_y, left_eyebrow_outer_end_x, left_eyebrow_outer_end_y, right_eyebrow_inner_end_x, right_eyebrow_inner_end_y, right_eyebrow_outer_end_x, right_eyebrow_outer_end_y, nose_tip_x, nose_tip_y, mouth_left_corner_x, mouth_left_corner_y, mouth_right_corner_x, mouth_right_corner_y, mouth_center_top_lip_x, mouth_center_top_lip_y, mouth_center_bottom_lip_x, mouth_center_bottom_lip_y"	1			
41	1.11111E+29	6	24	"left_eye_outer_corner_x, left_eye_outer_corner_y, left_eyebrow_outer_end_x, left_eyebrow_outer_end_y, right_eyebrow_outer_end_x, right_eyebrow_outer_end_y"	"left_eye_center_x, left_eye_center_y, right_eye_center_x, right_eye_center_y, left_eye_inner_corner_x, left_eye_inner_corner_y, right_eye_inner_corner_x, right_eye_inner_corner_y, right_eye_outer_corner_x, right_eye_outer_corner_y, left_eyebrow_inner_end_x, left_eyebrow_inner_end_y, right_eyebrow_inner_end_x, right_eyebrow_inner_end_y, nose_tip_x, nose_tip_y, mouth_left_corner_x, mouth_left_corner_y, mouth_right_corner_x, mouth_right_corner_y, mouth_center_top_lip_x, mouth_center_top_lip_y, mouth_center_bottom_lip_x, mouth_center_bottom_lip_y"	1			
42	1.1E+27	8	22	"left_eye_center_x, left_eye_center_y, left_eye_inner_corner_x, left_eye_inner_corner_y, left_eye_outer_corner_x, left_eye_outer_corner_y, mouth_left_corner_x, mouth_left_corner_y"	"right_eye_center_x, right_eye_center_y, right_eye_inner_corner_x, right_eye_inner_corner_y, right_eye_outer_corner_x, right_eye_outer_corner_y, left_eyebrow_inner_end_x, left_eyebrow_inner_end_y, left_eyebrow_outer_end_x, left_eyebrow_outer_end_y, right_eyebrow_inner_end_x, right_eyebrow_inner_end_y, right_eyebrow_outer_end_x, right_eyebrow_outer_end_y, nose_tip_x, nose_tip_y, mouth_right_corner_x, mouth_right_corner_y, mouth_center_top_lip_x, mouth_center_top_lip_y, mouth_center_bottom_lip_x, mouth_center_bottom_lip_y"	1			
43	1.10011E+13	20	10	"left_eye_center_x, left_eye_center_y, right_eye_center_x, right_eye_center_y, left_eye_inner_corner_x, left_eye_inner_corner_y, left_eye_outer_corner_x, left_eye_outer_corner_y, right_eye_inner_corner_x, right_eye_inner_corner_y, right_eye_outer_corner_x, right_eye_outer_corner_y, left_eyebrow_inner_end_x, left_eyebrow_inner_end_y, left_eyebrow_outer_end_x, left_eyebrow_outer_end_y, right_eyebrow_outer_end_x, right_eyebrow_outer_end_y, mouth_right_corner_x, mouth_right_corner_y"	"right_eyebrow_inner_end_x, right_eyebrow_inner_end_y, nose_tip_x, nose_tip_y, mouth_left_corner_x, mouth_left_corner_y, mouth_center_top_lip_x, mouth_center_top_lip_y, mouth_center_bottom_lip_x, mouth_center_bottom_lip_y"	1			
44	1.11111E+29	4	26	"left_eyebrow_outer_end_x, left_eyebrow_outer_end_y, mouth_center_bottom_lip_x, mouth_center_bottom_lip_y"	"left_eye_center_x, left_eye_center_y, right_eye_center_x, right_eye_center_y, left_eye_inner_corner_x, left_eye_inner_corner_y, left_eye_outer_corner_x, left_eye_outer_corner_y, right_eye_inner_corner_x, right_eye_inner_corner_y, right_eye_outer_corner_x, right_eye_outer_corner_y, left_eyebrow_inner_end_x, left_eyebrow_inner_end_y, right_eyebrow_inner_end_x, right_eyebrow_inner_end_y, right_eyebrow_outer_end_x, right_eyebrow_outer_end_y, nose_tip_x, nose_tip_y, mouth_left_corner_x, mouth_left_corner_y, mouth_right_corner_x, mouth_right_corner_y, mouth_center_top_lip_x, mouth_center_top_lip_y"	1			
45	1.111E+27	8	22	"left_eye_center_x, left_eye_center_y, left_eye_outer_corner_x, left_eye_outer_corner_y, left_eyebrow_inner_end_x, left_eyebrow_inner_end_y, left_eyebrow_outer_end_x, left_eyebrow_outer_end_y"	"right_eye_center_x, right_eye_center_y, left_eye_inner_corner_x, left_eye_inner_corner_y, right_eye_inner_corner_x, right_eye_inner_corner_y, right_eye_outer_corner_x, right_eye_outer_corner_y, right_eyebrow_inner_end_x, right_eyebrow_inner_end_y, right_eyebrow_outer_end_x, right_eyebrow_outer_end_y, nose_tip_x, nose_tip_y, mouth_left_corner_x, mouth_left_corner_y, mouth_right_corner_x, mouth_right_corner_y, mouth_center_top_lip_x, mouth_center_top_lip_y, mouth_center_bottom_lip_x, mouth_center_bottom_lip_y"	1			
46	1.11111E+29	2	28	"right_eye_inner_corner_x, right_eye_inner_corner_y"	"left_eye_center_x, left_eye_center_y, right_eye_center_x, right_eye_center_y, left_eye_inner_corner_x, left_eye_inner_corner_y, left_eye_outer_corner_x, left_eye_outer_corner_y, right_eye_outer_corner_x, right_eye_outer_corner_y, left_eyebrow_inner_end_x, left_eyebrow_inner_end_y, left_eyebrow_outer_end_x, left_eyebrow_outer_end_y, right_eyebrow_inner_end_x, right_eyebrow_inner_end_y, right_eyebrow_outer_end_x, right_eyebrow_outer_end_y, nose_tip_x, nose_tip_y, mouth_left_corner_x, mouth_left_corner_y, mouth_right_corner_x, mouth_right_corner_y, mouth_center_top_lip_x, mouth_center_top_lip_y, mouth_center_bottom_lip_x, mouth_center_bottom_lip_y"	1			
